PLAYER;POS;TEAM;AGE;GP;W;L;MIN;PTS;FGM;FGA;FG%;3PM;3PA;3P%;FTM;FTA;FT%;OREB;DREB;REB;AST;TOV;STL;BLK;PF;FP;DD2;TD3;PLUS
Nikola Jokic;C;DEN;24;46;32;14;1463;905;349;688;50.7;57;179;31.8;150;189;79.4;113;351;464;301;130;49;26;142;2008.3;27;9;206
Montrezl Harrell;C;LAC;26;46;33;13;1321;887;360;634;56.8;0;15;0;167;265;63;127;203;330;83;86;32;52;106;1573.5;8;0;195
LaMarcus Aldridge;C;SAS;34;43;19;24;1426;822;320;628;51;51;119;42.9;131;155;84.5;86;236;322;101;60;26;74;107;1599.9;12;0;-113
Jaren Jackson Jr.;C;MEM;20;45;22;23;1268;810;294;608;48.4;120;292;41.1;102;137;74.5;46;169;215;63;78;31;68;186;1381.5;2;0;-95
Domantas Sabonis;C;IND;23;44;28;16;1511;795;319;594;53.7;11;45;24.4;146;200;73;148;416;564;201;122;35;25;146;1831.3;36;2;174
Karl-Anthony Towns;C;MIN;24;29;9;20;964;783;270;524;51.5;98;239;41;145;178;81.5;78;236;314;124;88;27;35;99;1443.8;19;0;-12
Andre Drummond;C;DET;26;43;15;28;1447;746;306;581;52.7;1;21;4.8;133;223;59.6;192;488;680;117;153;88;76;158;2076.5;37;0;-80
Joel Embiid;C;PHI;25;31;21;10;963;725;238;504;47.2;38;118;32.2;211;252;83.7;79;303;382;102;93;25;42;109;1444.4;24;0;133
Bam Adebayo;C;MIA;22;45;31;14;1555;714;272;464;58.6;1;10;10;169;245;69;117;351;468;211;128;53;52;112;1779.1;25;2;176
Nikola Vucevic;C;ORL;29;36;16;20;1137;677;267;600;44.5;61;172;35.5;82;101;81.2;97;299;396;124;51;34;30;84;1479.2;23;0;25
Rudy Gobert;C;UTA;27;43;31;12;1475;677;262;380;68.9;0;0;0;153;247;61.9;158;467;625;72;83;31;87;133;1806;34;0;344
Hassan Whiteside;C;POR;30;43;20;23;1318;672;277;463;59.8;2;4;50;116;157;73.9;175;429;604;52;85;15;131;131;1827.8;34;0;47
Jonas Valanciunas;C;MEM;27;43;20;23;1093;637;267;449;59.5;26;63;41.3;77;105;73.3;118;314;432;84;86;18;44;112;1381.4;21;0;-25
Clint Capela;C;HOU;25;38;22;16;1262;541;243;387;62.8;0;0;0;55;102;53.9;165;365;530;47;60;33;72;101;1502.5;27;0;75
Tristan Thompson;C;CLE;28;44;12;32;1384;541;227;445;51;3;8;37.5;84;132;63.6;184;272;456;95;88;30;43;105;1361.7;21;0;-347
Serge Ibaka;C;TOR;30;36;24;12;942;531;216;430;50.2;35;92;38;64;86;74.4;77;217;294;47;68;19;30;97;1033.3;13;0;26
Jarrett Allen;C;BKN;21;45;19;26;1225;512;199;309;64.4;0;4;0;114;179;63.7;140;299;439;55;53;30;63;110;1347.3;21;0;10
Cody Zeller;C;CHA;27;43;13;30;988;484;188;359;52.4;17;66;25.8;91;132;68.9;119;179;298;52;56;27;19;107;1001.6;7;0;-177
Richaun Holmes;C;SAC;26;37;14;23;1087;484;204;309;66;0;0;0;76;93;81.7;113;201;314;37;46;39;52;144;1143.3;13;0;7
Myles Turner;C;IND;23;38;24;14;1099;459;162;363;44.6;54;161;33.5;81;109;74.3;47;182;229;44;47;27;74;97;1055.8;5;0;34
Bobby Portis;C;NYK;24;47;13;34;989;458;180;412;43.7;49;136;36;49;67;73.1;68;192;260;75;48;25;9;86;936.5;5;0;-166
Steven Adams;C;OKC;26;41;25;16;1101;452;188;314;59.9;0;1;0;76;134;56.7;140;249;389;107;60;27;48;74;1244.3;16;0;118
Brook Lopez;C;MIL;31;44;38;6;1156;447;162;393;41.2;62;210;29.5;61;71;85.9;27;178;205;68;40;31;112;96;1184;3;0;345
Wendell Carter Jr.;C;CHI;20;37;13;24;1109;433;166;309;53.7;6;28;21.4;95;129;73.6;130;236;366;44;62;30;33;142;1065.2;17;0;25
Mitchell Robinson;C;NYK;21;43;12;31;972;407;172;240;71.7;0;0;0;63;103;61.2;119;166;285;22;30;35;77;144;1088;3;0;-135
Ivica Zubac;C;LAC;22;47;33;14;827;381;153;259;59.1;0;2;0;75;102;73.5;120;207;327;46;40;8;44;106;958.4;6;0;111
Aron Baynes;C;PHX;33;33;15;18;756;378;146;298;49;42;126;33.3;44;61;72.1;54;136;190;62;39;7;19;116;738;2;0;-41
Jaxson Hayes;C;NOP;19;44;18;26;850;374;138;208;66.3;1;4;25;97;155;62.6;75;127;202;42;37;21;49;125;852.4;3;0;-15
Frank Kaminsky;C;PHX;26;32;12;20;718;352;127;279;45.5;39;112;34.8;59;88;67;30;128;158;71;33;13;10;69;684.1;1;0;-32
Dwight Howard;C;LAL;34;46;36;10;923;351;144;199;72.4;3;5;60;60;128;46.9;121;235;356;32;56;21;66;150;1031.2;5;0;125
Alex Len;C;ATL;26;40;9;31;745;349;142;260;54.6;14;56;25;51;81;63;69;161;230;42;39;20;33;93;808;7;0;-132
Enes Kanter;C;BOS;27;36;22;14;667;342;148;246;60.2;1;5;20;45;66;68.2;107;187;294;38;39;16;32;68;856.8;7;0;160
Daniel Theis;C;BOS;27;41;26;15;916;335;138;254;54.3;17;56;30.4;42;61;68.9;78;168;246;66;33;27;61;139;960.2;2;0;118
Willie Cauley-Stein;C;DAL;26;41;9;32;940;323;144;257;56;0;0;0;35;57;61.4;71;184;255;60;35;45;50;102;969;2;0;-137
Bismack Biyombo;C;CHA;27;43;13;30;822;321;124;231;53.7;0;0;0;73;118;61.9;100;152;252;36;38;9;36;95;774.4;6;0;-116
JaVale McGee;C;LAL;32;44;35;9;749;321;141;218;64.7;3;5;60;36;58;62.1;87;172;259;31;34;24;75;106;941.3;2;0;138
Gorgui Dieng;C;MIN;30;42;13;29;741;320;116;263;44.1;43;113;38.1;45;56;80.4;69;175;244;56;39;36;38;87;879.8;6;0;-104
Kelly Olynyk;C;MIA;28;41;29;12;799;320;106;228;46.5;54;133;40.6;54;61;88.5;31;158;189;52;43;27;10;101;692.8;2;0;12
Larry Nance Jr.;C;CLE;27;37;9;28;902;318;128;243;52.7;35;99;35.4;27;45;60;64;200;264;63;36;31;15;58;831.3;6;0;-130
Mason Plumlee;C;DEN;29;43;30;13;750;317;127;210;60.5;0;4;0;63;114;55.3;79;160;239;105;63;23;27;95;848.3;2;0;6
Nerlens Noel;C;OKC;25;38;23;15;720;310;123;182;67.6;1;2;50;63;79;79.7;59;140;199;44;40;40;60;97;874.8;3;0;-18
Thomas Bryant;C;WAS;22;25;8;17;628;306;125;221;56.6;14;41;34.1;42;56;75;47;133;180;53;34;9;21;55;657.5;5;0;-151
DeAndre Jordan;C;BKN;31;37;16;21;777;295;120;183;65.6;0;0;0;55;81;67.9;87;273;360;73;48;15;35;73;938.5;7;0;-98
Derrick Favors;C;NOP;28;28;12;16;683;279;126;204;61.8;1;4;25;26;43;60.5;92;189;281;54;35;17;32;64;809.2;13;0;13
Deandre Ayton;C;PHX;21;16;8;8;520;273;120;232;51.7;0;1;0;33;41;80.5;60;133;193;31;26;11;23;49;627.1;11;0;51
Meyers Leonard;C;MIA;27;45;31;14;911;272;105;201;52.2;45;105;42.9;17;24;70.8;26;193;219;52;32;13;15;93;664.8;1;0;72
Marc Gasol;C;TOR;34;34;26;8;957;262;94;226;41.6;48;122;39.3;26;36;72.2;28;197;225;121;43;28;31;98;847.5;3;0;236
Moritz Wagner;C;WAS;22;21;7;14;429;244;93;160;58.1;22;56;39.3;36;43;83.7;34;93;127;28;43;15;13;81;479.4;2;0;-32
Damian Jones;C;ATL;24;42;11;31;668;243;96;140;68.6;2;7;28.6;49;68;72.1;55;91;146;24;22;16;32;121;576.2;0;0;-206
Taj Gibson;C;NYK;34;44;13;31;733;242;107;195;54.9;2;10;20;26;36;72.2;81;112;193;43;36;23;18;93;625.1;0;0;-181
Robin Lopez;C;MIL;31;42;36;6;600;233;98;192;51;17;63;27;20;39;51.3;40;75;115;28;37;6;29;53;481;0;0;92
Mo Bamba;C;ORL;21;43;20;23;661;230;94;210;44.8;24;77;31.2;18;28;64.3;65;157;222;28;33;17;59;79;733.4;1;0;31
Jakob Poeltl;C;SAS;24;45;20;25;769;227;100;165;60.6;0;0;0;27;49;55.1;80;166;246;81;36;22;70;77;883.7;1;0;60
Ian Mahinmi;C;WAS;33;25;9;16;563;209;74;144;51.4;5;18;27.8;56;88;63.6;57;93;150;37;36;21;35;74;576.5;1;0;-67
Jahlil Okafor;C;NOP;24;25;7;18;403;208;85;138;61.6;1;2;50;37;57;64.9;44;69;113;35;35;5;19;61;433.1;2;0;-85
Nicolo Melli;C;NOP;29;35;14;21;519;194;66;151;43.7;32;94;34;30;37;81.1;17;66;83;35;26;20;7;61;401.1;0;0;-75
Bruno Fernando;C;ATL;21;42;11;31;523;174;73;145;50.3;4;30;13.3;24;39;61.5;51;92;143;38;38;14;15;83;451.6;1;0;-38
Thon Maker;C;DET;22;43;17;26;487;173;53;102;52;11;31;35.5;56;83;67.5;32;67;99;20;29;15;24;65;409.8;1;0;-60
Mike Muscala;C;OKC;28;33;19;14;440;160;53;138;38.4;36;105;34.3;18;22;81.8;11;72;83;31;13;7;8;44;338.1;0;0;17
Dewayne Dedmon;C;SAC;30;30;10;20;435;152;59;144;41;13;61;21.3;21;26;80.8;39;94;133;11;42;9;15;79;358.1;2;0;-34
Tony Bradley;C;UTA;22;34;24;10;351;149;65;103;63.1;0;0;0;19;31;61.3;58;89;147;9;18;9;15;70;392.9;0;0;-21
Boban Marjanovic;C;DAL;31;23;13;10;230;143;60;107;56.1;2;7;28.6;21;30;70;32;72;104;9;18;4;5;36;290.3;3;0;66
Anzejs Pasecniks;C;WAS;24;18;6;12;360;137;53;99;53.5;0;2;0;31;50;62;37;57;94;17;22;8;10;57;307.3;0;0;9
Khem Birch;C;ORL;27;33;14;19;697;136;50;103;48.5;0;1;0;36;62;58.1;66;98;164;34;22;15;20;65;466.8;0;0;-63
Luke Kornet;C;CHI;24;28;10;18;371;129;48;124;38.7;20;77;26;13;18;72.2;12;40;52;23;9;7;22;34;303.9;0;0;10
Cheick Diallo;C;PHX;23;29;11;18;265;126;52;80;65;1;2;50;21;25;84;17;55;72;14;14;7;5;29;255.4;1;0;-10
Noah Vonleh;C;MIN;24;28;10;18;347;119;47;86;54.7;2;14;14.3;23;28;82.1;34;82;116;26;19;11;6;36;329.2;0;0;-46
Goga Bitadze;C;IND;20;37;23;14;336;112;44;93;47.3;4;23;17.4;20;29;69;21;61;82;19;18;2;26;45;304.9;1;0;0
Isaiah Hartenstein;C;HOU;21;19;13;6;242;100;41;60;68.3;0;3;0;18;26;69.2;25;58;83;16;13;8;12;37;270.6;2;0;67
Willy Hernangomez;C;CHA;25;17;1;16;126;77;29;50;58;4;11;36.4;15;29;51.7;17;28;45;6;12;1;4;11;143;0;0;-17
Robert Williams III;C;BOS;22;19;14;5;269;74;33;49;67.3;0;0;0;8;14;57.1;23;64;87;21;16;17;21;34;307.9;0;0;2
Kyle O'Quinn;C;PHI;29;21;15;6;217;70;30;61;49.2;7;21;33.3;3;8;37.5;23;54;77;31;18;4;17;29;253.9;1;0;-39
Ante Zizic;C;CLE;23;16;2;14;159;69;28;49;57.1;0;0;0;13;15;86.7;14;41;55;3;5;6;4;20;164.5;1;0;2
Tyson Chandler;C;HOU;37;25;15;10;219;34;14;18;77.8;0;0;0;6;13;46.2;25;41;66;6;8;6;8;32;156.2;0;0;33
Ed Davis;C;UTA;30;22;15;7;239;29;12;32;37.5;0;0;0;5;11;45.5;25;63;88;8;13;9;9;51;187.6;0;0;-75
Mfiondu Kabengele;C;LAC;22;10;8;2;44;29;10;22;45.5;6;12;50;3;3;100;1;7;8;1;1;1;1;6;45.1;0;0;-1
Kevon Looney;C;GSW;23;10;3;7;105;26;11;32;34.4;1;2;50;3;5;60;15;14;29;4;6;3;2;17;75.8;0;0;-60
Vincent Poirier;C;BOS;26;15;13;2;87;26;11;26;42.3;1;2;50;3;4;75;9;18;27;5;4;2;6;17;85.9;0;0;-9
Tacko Fall;C;BOS;24;4;3;1;21;17;8;11;72.7;0;0;0;1;3;33.3;0;10;10;0;3;0;2;4;32;0;0;4
Moses Brown;C;POR;20;7;4;3;23;10;4;9;44.4;0;0;0;2;4;50;3;8;11;0;3;1;0;5;23.2;0;0;-36
Justin Patton;C;OKC;22;5;2;3;24;9;4;10;40;1;4;25;0;0;0;1;4;5;2;2;0;0;4;16;0;0;-16
Dewan Hernandez;C;TOR;23;4;4;0;11;4;1;5;20;0;1;0;2;2;100;2;5;7;0;1;1;0;6;14.4;0;0;1
Wilson Chandler;F;BKN;32;17;5;12;350;118;45;95;47.4;18;54;33.3;10;11;90.9;5;72;77;20;20;11;6;37;271.4;0;0;-104
Naz Reid;F;MIN;20;13;4;9;154;96;36;90;40;15;49;30.6;9;14;64.3;10;22;32;13;8;5;6;29;178.9;0;0;22
Alen Smailagic;F;GSW;19;9;1;8;92;42;16;29;55.2;2;9;22.2;8;10;80;7;15;22;8;5;1;3;10;87.4;0;0;3
Johnathan Williams;F;WAS;24;9;4;5;132;33;15;24;62.5;0;2;0;3;5;60;14;28;42;6;3;1;5;11;107.4;0;0;-45
Rayjon Tucker;F;UTA;22;11;10;1;71;17;7;18;38.9;0;6;0;3;5;60;2;8;10;2;3;1;0;6;32;0;0;-12
Louis King;F;DET;20;7;2;5;39;14;6;14;42.9;2;6;33.3;0;3;0;1;6;7;4;1;2;0;7;33.4;0;0;17
Kevin Hervey;F;OKC;23;5;3;2;13;0;0;4;0;0;3;0;0;0;0;0;2;2;1;0;0;0;1;3.9;0;0;-4
Gary Payton II;G;WAS;27;17;7;10;344;95;40;92;43.5;11;34;32.4;4;7;57.1;19;43;62;39;17;29;7;38;318.9;1;0;-113
Luguentz Dort;G;OKC;20;12;10;2;239;59;20;51;39.2;6;26;23.1;13;18;72.2;3;11;14;12;8;9;0;34;112.8;0;0;12
Amir Coffey;G;LAC;22;2;1;1;5;5;2;3;66.7;1;2;50;0;0;0;0;0;0;1;0;0;0;1;6.5;0;0;-6
Justin Anderson;G;BKN;26;3;2;1;17;3;1;6;16.7;0;3;0;1;2;50;0;2;2;0;0;0;1;2;8.4;0;0;-8
Matt Mooney;G;CLE;22;1;0;1;3;2;1;2;50;0;1;0;0;0;0;0;1;1;1;0;0;1;0;7.7;0;0;1
Adam Mokoka;G;CHI;21;3;1;2;9;0;0;7;0;0;4;0;0;0;0;2;0;2;0;0;0;0;0;2.4;0;0;-3
Josh Reaves;G;DAL;22;2;1;1;1;0;0;1;0;0;0;0;0;0;0;0;0;0;0;0;0;0;0;0;0;0;-5
Giannis Antetokounmpo;PF;MIL;25;43;37;6;1318;1289;477;856;55.7;69;215;32.1;266;439;60.6;100;456;556;241;154;48;45;136;2442.7;38;4;447
Brandon Ingram;PF;NOP;22;42;15;27;1450;1050;359;769;46.7;103;261;39.5;229;268;85.4;37;233;270;180;128;38;34;125;1732;7;0;-96
Anthony Davis;PF;LAL;26;39;31;8;1349;1032;357;707;50.5;42;138;30.4;276;319;86.5;81;275;356;124;94;59;96;100;2016.2;18;0;186
Jayson Tatum;PF;BOS;21;42;29;13;1426;903;332;763;43.5;101;276;36.6;138;164;84.1;42;248;290;120;90;58;35;86;1620;6;0;337
Julius Randle;PF;NYK;25;45;13;32;1447;852;316;705;44.8;53;187;28.3;167;236;70.8;105;315;420;145;135;35;13;126;1582.5;19;0;-172
Pascal Siakam;PF;TOR;25;35;26;9;1232;833;312;679;45.9;79;212;37.3;130;161;80.7;42;226;268;121;89;33;33;100;1445.1;10;0;229
Marcus Morris Sr.;PF;NYK;30;39;12;27;1255;747;249;563;44.2;104;231;45;145;178;81.5;43;172;215;57;62;30;16;113;1166.5;3;0;-122
Danilo Gallinari;PF;OKC;31;39;21;18;1192;746;228;520;43.8;120;290;41.4;170;187;90.9;28;197;225;87;54;27;4;51;1185.5;3;0;109
Lauri Markkanen;PF;CHI;22;46;17;29;1395;690;233;550;42.4;101;294;34.4;123;149;82.6;57;241;298;70;77;39;22;92;1258.6;3;0;-76
Kevin Love;PF;CLE;31;39;10;29;1226;680;227;503;45.1;94;254;37;132;157;84.1;33;358;391;111;103;24;14;63;1326.7;17;0;-258
Eric Paschall;PF;GSW;23;42;9;33;1148;582;223;452;49.3;26;89;29.2;110;141;78;61;141;202;74;61;25;10;85;979.4;3;0;-236
Kristaps Porzingis;PF;DAL;24;34;21;13;1045;580;206;514;40.1;75;218;34.4;93;128;72.7;59;248;307;48;58;21;70;107;1235.4;12;0;165
Robert Covington;PF;MIN;29;45;15;30;1318;564;199;462;43.1;98;289;33.9;68;85;80;33;234;267;54;66;74;42;135;1247.4;3;0;-28
Nemanja Bjelica;PF;SAC;31;45;16;29;1259;559;213;438;48.6;88;204;43.1;45;52;86.5;73;221;294;116;68;41;25;134;1215.8;6;0;-73
Davis Bertans;PF;WAS;27;36;11;25;1053;548;178;412;43.2;131;312;42;61;69;88.4;28;139;167;63;33;26;23;92;956.9;1;0;14
Aaron Gordon;PF;ORL;24;41;19;22;1297;544;206;492;41.9;45;158;28.5;87;131;66.4;69;225;294;121;66;29;20;83;1159.3;11;0;-92
Al Horford;PF;PHI;33;43;26;17;1338;540;222;490;45.3;59;184;32.1;37;52;71.2;69;215;284;168;47;41;40;94;1328.8;3;0;123
Duncan Robinson;PF;MIA;25;45;31;14;1263;537;180;391;46;148;341;43.4;29;32;90.6;7;137;144;51;31;25;12;127;866.3;1;0;135
Carmelo Anthony;PF;POR;35;32;14;18;1038;516;198;455;43.5;47;123;38.2;73;88;83;39;168;207;47;57;30;18;98;921.9;4;0;-15
P.J. Washington;PF;CHA;21;41;14;27;1241;506;189;394;48;59;144;41;69;102;67.6;32;189;221;83;66;37;35;117;1045.7;4;0;-138
Jerami Grant;PF;DEN;25;46;32;14;1147;500;177;378;46.8;55;142;38.7;91;128;71.1;41;122;163;50;38;25;34;93;909.6;0;0;-119
Doug McDermott;PF;IND;28;47;30;17;992;493;185;379;48.8;95;203;46.8;28;35;80;21;104;125;53;30;7;4;85;725.5;0;0;100
Brandon Clarke;PF;MEM;23;40;21;19;864;482;201;323;62.2;18;45;40;62;75;82.7;53;178;231;59;37;18;34;67;966.7;2;0;-24
Jabari Parker;PF;ATL;24;32;6;26;837;480;198;393;50.4;31;115;27;53;72;73.6;54;137;191;58;60;42;15;93;907.2;2;0;-133
Kyle Kuzma;PF;LAL;24;37;30;7;924;478;176;409;43;59;175;33.7;67;90;74.4;28;119;147;39;56;11;15;66;734.9;0;0;120
Dario Saric;PF;PHX;25;46;19;27;1162;454;169;384;44;58;182;31.9;58;68;85.3;71;211;282;88;57;29;11;103;987.4;8;0;-47
Christian Wood;PF;DET;24;43;17;26;743;430;151;259;58.3;27;71;38;101;140;72.1;54;171;225;31;46;15;37;53;856.5;5;0;59
Markieff Morris;PF;DET;30;39;14;25;872;429;155;346;44.8;67;166;40.4;52;67;77.6;21;131;152;59;62;25;8;93;736.9;1;0;-89
Rudy Gay;PF;SAS;33;42;18;24;921;429;155;351;44.2;43;133;32.3;76;89;85.4;41;198;239;73;60;20;23;59;894.3;4;0;64
Thaddeus Young;PF;CHI;31;47;18;29;1070;427;173;407;42.5;50;151;33.1;31;51;60.8;67;148;215;81;66;55;15;85;950.5;0;0;-69
Dorian Finney-Smith;PF;DAL;26;45;28;17;1332;419;149;321;46.4;71;186;38.2;50;73;68.5;92;155;247;60;42;31;24;104;928.4;2;0;188
Maxi Kleber;PF;DAL;27;44;27;17;1100;404;139;297;46.8;73;188;38.8;53;60;88.3;66;168;234;44;34;13;44;103;887.8;1;0;112
John Collins;PF;ATL;22;21;7;14;633;392;159;297;53.5;29;82;35.4;45;57;78.9;49;153;202;27;35;16;41;79;810.9;9;0;-86
Paul Millsap;PF;DEN;34;32;21;11;798;380;132;282;46.8;31;75;41.3;85;96;88.5;64;122;186;45;42;28;22;90;778.7;3;0;205
Dwight Powell;PF;DAL;28;40;25;15;1061;376;146;229;63.8;10;39;25.6;74;111;66.7;75;152;227;59;36;34;22;102;868.9;1;0;195
Omari Spellman;PF;GSW;22;44;9;35;783;341;118;267;44.2;40;97;41.2;65;81;80.2;76;127;203;42;47;30;22;52;756.6;1;0;-105
P.J. Tucker;PF;HOU;34;45;28;17;1579;339;121;271;44.6;66;180;36.7;31;38;81.6;73;247;320;70;51;53;19;150;993;5;0;103
Ersan Ilyasova;PF;MIL;32;42;36;6;698;326;117;237;49.4;38;104;36.5;54;66;81.8;48;175;223;40;24;17;13;63;719.6;4;0;107
Marquese Chriss;PF;GSW;22;42;10;32;741;318;118;230;51.3;6;24;25;76;100;76;79;148;227;74;58;26;37;80;832.4;3;0;-150
Draymond Green;PF;GSW;29;34;8;26;991;285;101;263;38.4;28;103;27.2;55;72;76.4;19;194;213;193;77;50;25;86;978.1;7;2;-204
Royce O'Neale;PF;UTA;26;45;32;13;1333;283;103;218;47.2;57;134;42.5;20;24;83.3;13;220;233;119;36;34;15;132;852.1;2;0;261
Blake Griffin;PF;DET;30;18;8;10;512;279;88;250;35.2;27;111;24.3;76;98;77.6;17;67;84;59;40;7;7;27;470.3;2;0;-26
Michael Porter Jr.;PF;DEN;21;36;27;9;483;276;108;207;52.2;33;77;42.9;27;35;77.1;38;106;144;25;27;12;15;61;540.3;3;0;25
Marvin Williams;PF;CHA;33;37;12;25;733;265;89;197;45.2;44;113;38.9;43;48;89.6;14;87;101;35;23;26;17;65;544.7;0;0;-93
Mike Scott;PF;PHI;31;47;30;17;835;261;94;240;39.2;53;158;33.5;20;23;87;40;120;160;28;17;16;3;63;535;0;0;112
JaMychal Green;PF;LAC;29;38;27;11;799;253;88;214;41.1;49;141;34.8;28;36;77.8;57;192;249;28;35;17;15;104;654.8;6;0;130
Maurice Harkless;PF;LAC;26;46;32;14;1056;251;102;198;51.5;23;64;35.9;24;42;57.1;45;138;183;47;43;47;29;112;726.1;0;0;51
Jeff Green;PF;UTA;33;30;18;12;553;233;75;195;38.5;34;104;32.7;49;63;77.8;14;67;81;20;27;12;10;46;399.2;0;0;-107
Georges Niang;PF;UTA;26;39;29;10;530;229;82;173;47.4;54;120;45;11;14;78.6;9;62;71;24;17;8;5;47;372.2;0;0;-60
Chris Boucher;PF;TOR;27;38;26;12;483;228;78;172;45.3;20;63;31.7;52;71;73.2;72;95;167;17;16;13;34;64;578.9;3;0;55
Darius Bazley;PF;OKC;19;47;28;19;822;216;80;206;38.8;28;90;31.1;28;42;66.7;19;160;179;26;38;17;34;44;584.8;0;0;-62
Patrick Patterson;PF;LAC;30;42;28;14;560;214;70;175;40;49;131;37.4;25;32;78.1;28;86;114;29;14;6;3;38;407.3;0;0;108
Trey Lyles;PF;SAS;24;45;20;25;774;205;79;197;40.1;32;98;32.7;15;22;68.2;55;201;256;52;28;13;15;62;646.2;0;0;-34
Skal Labissiere;PF;POR;23;33;14;19;567;190;81;147;55.1;3;13;23.1;25;33;75.8;65;104;169;42;30;7;31;89;539.8;1;0;12
Marvin Bagley III;PF;SAC;20;13;2;11;334;185;78;167;46.7;4;22;18.2;25;31;80.6;29;68;97;10;18;6;12;43;352.4;3;0;-89
Daniel Gafford;PF;CHI;21;32;12;20;411;153;67;99;67.7;0;0;0;19;36;52.8;38;39;77;14;15;9;42;60;404.4;0;0;-52
Jake Layman;PF;MIN;25;14;8;6;369;147;61;132;46.2;19;54;35.2;6;10;60;12;29;41;11;18;12;10;31;260.7;0;0;15
Grant Williams;PF;BOS;21;43;30;13;636;140;49;128;38.3;14;58;24.1;28;40;70;35;69;104;45;36;15;21;94;404.3;0;0;117
Kenrich Williams;PF;NOP;25;35;12;23;779;132;49;143;34.3;25;96;26;9;24;37.5;49;129;178;53;21;25;21;81;542.1;0;0;-48
Anthony Tolliver;PF;SAC;34;35;15;20;569;129;43;122;35.2;30;94;31.9;13;19;68.4;27;84;111;31;21;9;9;55;341.7;1;0;-155
Semi Ojeleye;PF;BOS;25;43;29;14;625;117;40;104;38.5;24;65;36.9;13;16;81.3;17;58;75;21;8;13;3;46;278.5;0;0;37
John Henson;PF;CLE;29;23;6;17;301;112;46;89;51.7;5;23;21.7;15;30;50;22;61;83;33;17;12;26;37;358.1;0;0;-26
Chris Silva;PF;MIA;23;30;21;9;249;104;38;55;69.1;0;2;0;28;41;68.3;46;46;92;15;29;6;16;65;273.9;0;0;3
James Johnson;PF;MIA;32;15;8;7;242;96;36;77;46.8;16;42;38.1;8;14;57.1;7;36;43;14;10;4;11;30;203.6;0;0;22
Gary Clark;PF;ORL;25;23;14;9;280;90;31;75;41.3;22;62;35.5;6;7;85.7;19;39;58;12;4;2;9;23;206.6;0;0;14
Harry Giles III;PF;SAC;21;19;7;12;216;86;37;82;45.1;0;0;0;12;14;85.7;12;39;51;28;18;11;6;44;222.2;0;0;-27
Juancho Hernangomez;PF;DEN;24;30;18;12;347;81;29;85;34.1;13;51;25.5;10;19;52.6;15;56;71;20;14;4;3;22;203.2;0;0;5
D.J. Wilson;PF;MIL;23;26;24;2;235;80;32;79;40.5;11;45;24.4;5;7;71.4;6;46;52;18;12;1;4;22;172.4;0;0;-21
Jordan Bell;PF;MIN;25;25;8;17;221;79;30;57;52.6;2;8;25;17;29;58.6;28;48;76;14;18;2;9;14;206.2;0;0;-22
Al-Farouq Aminu;PF;ORL;29;18;7;11;380;78;25;86;29.1;9;36;25;19;29;65.5;24;63;87;21;17;18;8;27;274.9;1;0;-35
TJ Leaf;PF;IND;22;22;13;9;180;67;28;66;42.4;5;14;35.7;6;10;60;20;40;60;6;6;7;3;17;172;1;0;-10
Nicolas Claxton;PF;BKN;20;14;5;9;183;62;26;46;56.5;1;7;14.3;9;19;47.4;19;24;43;16;9;1;8;14;155.6;0;0;-59
Chimezie Metu;PF;SAS;22;11;5;6;41;30;13;22;59.1;0;0;0;4;6;66.7;8;9;17;3;1;1;3;1;65.9;0;0;17
Zach Collins;PF;POR;22;3;2;1;86;27;9;19;47.4;3;7;42.9;6;6;100;4;8;12;6;6;0;2;11;50.4;0;0;19
Cristiano Felicio;PF;CHI;27;8;4;4;116;23;10;14;71.4;0;0;0;3;3;100;13;16;29;4;5;3;1;7;70.8;0;0;-27
Drew Eubanks;PF;SAS;22;7;5;2;38;21;9;14;64.3;0;0;0;3;3;100;6;10;16;2;4;0;1;5;42.2;0;0;-36
Wenyen Gabriel;PF;POR;22;11;2;9;61;19;6;17;35.3;1;8;12.5;6;10;60;4;6;10;3;5;3;2;7;45.5;0;0;-27
Alize Johnson;PF;IND;23;11;8;3;46;18;7;14;50;0;0;0;4;6;66.7;6;9;15;2;1;0;0;6;38;0;0;6
Tyler Cook;PF;CLE;22;9;2;7;31;17;6;8;75;0;0;0;5;6;83.3;4;4;8;1;1;1;0;4;30.1;0;0;-9
Dean Wade;PF;CLE;23;7;0;7;47;16;7;10;70;2;3;66.7;0;1;0;2;13;15;1;3;2;3;6;47.5;0;0;8
Amile Jefferson;PF;ORL;26;16;5;11;71;15;5;13;38.5;0;0;0;5;14;35.7;9;13;22;4;3;0;3;7;53.4;0;0;19
Caleb Swanigan;PF;POR;22;9;4;5;58;11;5;10;50;0;0;0;1;4;25;7;13;20;5;10;1;3;14;44.5;0;0;-36
Johnathan Motley;PF;LAC;24;8;6;2;18;11;4;6;66.7;1;1;100;2;2;100;1;2;3;5;4;3;0;5;27.1;0;0;-5
Juwan Morgan;PF;UTA;22;10;8;2;42;7;3;6;50;1;4;25;0;0;0;1;6;7;1;2;0;1;3;17.9;0;0;7
Ryan Anderson;PF;HOU;31;2;1;1;14;5;2;7;28.6;1;5;20;0;0;0;0;7;7;2;1;1;0;1;18.4;0;0;7
Udonis Haslem;PF;MIA;39;2;2;0;11;5;1;1;100;0;0;0;3;4;75;0;3;3;0;0;0;0;3;8.6;0;0;-7
Jalen McDaniels;PF;CHA;21;2;0;2;7;4;2;5;40;0;1;0;0;0;0;1;0;1;0;0;0;0;0;5.2;0;0;0
Jarred Vanderbilt;PF;DEN;20;6;3;3;25;4;2;4;50;0;0;0;0;0;0;1;3;4;1;4;1;0;2;9.3;0;0;-8
Jonah Bolden;PF;PHI;24;4;4;0;14;4;2;3;66.7;0;1;0;0;2;0;0;1;1;0;2;1;0;4;6.2;0;0;-12
Henry Ellenson;PF;BKN;23;5;2;3;15;2;1;7;14.3;0;4;0;0;0;0;2;4;6;1;0;0;0;1;10.7;0;0;12
Jarrell Brantley;PF;UTA;23;2;0;2;9;0;0;0;0;0;0;0;0;0;0;0;4;4;1;1;0;2;1;11.3;0;0;1
Kostas Antetokounmpo;PF;LAL;22;3;3;0;5;0;0;0;0;0;0;0;0;0;0;0;1;1;1;0;0;0;0;2.7;0;0;-2
Damian Lillard;PG;POR;29;45;20;25;1667;1297;405;891;45.5;170;445;38.2;317;357;88.8;20;170;190;347;126;44;15;76;2096.5;11;0;50
Trae Young;PG;ATL;21;42;10;32;1477;1238;393;878;44.8;147;392;37.5;305;364;83.8;26;168;194;375;198;49;5;67;1997.3;16;2;-187
Luka Doncic;PG;DAL;20;41;26;15;1353;1188;391;841;46.5;120;376;31.9;286;374;76.5;58;333;391;366;175;44;7;101;2184.2;27;12;228
Russell Westbrook;PG;HOU;31;39;25;14;1392;1014;387;856;45.2;39;167;23.4;201;257;78.2;64;250;314;288;173;63;14;140;1880.8;17;8;111
Kemba Walker;PG;BOS;29;40;27;13;1278;897;301;677;44.5;139;353;39.4;156;178;87.6;30;128;158;199;87;41;25;62;1496.1;2;0;210
Collin Sexton;PG;CLE;21;46;12;34;1467;888;342;749;45.7;57;162;35.2;147;173;85;46;105;151;111;99;44;5;93;1283.7;0;0;-337
Dennis Schroder;PG;OKC;26;46;27;19;1426;867;328;693;47.3;93;243;38.3;118;144;81.9;15;160;175;181;123;28;10;101;1339.5;0;0;210
Devonte' Graham;PG;CHA;24;46;15;31;1617;856;269;712;37.8;168;434;38.7;150;181;82.9;36;135;171;349;137;40;13;89;1606.7;13;0;-160
Terry Rozier;PG;CHA;25;46;15;31;1572;820;289;688;42;122;308;39.6;120;141;85.1;37;161;198;202;112;54;7;101;1431.6;1;0;-326
Chris Paul;PG;OKC;34;47;28;19;1490;810;283;586;48.3;76;209;36.4;168;187;89.8;16;219;235;303;99;75;6;108;1690.5;6;0;212
Derrick Rose;PG;DET;31;41;15;26;1090;770;313;632;49.5;38;122;31.1;106;122;86.9;23;81;104;246;104;35;13;46;1303.8;4;0;-4
Ben Simmons;PG;PHI;23;45;29;16;1629;732;300;513;58.5;2;5;40;130;219;59.4;89;265;354;380;157;99;29;149;1953.8;26;4;133
Jamal Murray;PG;DEN;22;40;28;12;1279;704;260;598;43.5;64;199;32.2;120;131;91.6;33;130;163;183;85;54;11;68;1284.1;1;0;200
Ja Morant;PG;MEM;20;40;21;19;1198;703;264;542;48.7;34;87;39.1;141;176;80.1;26;111;137;285;132;40;11;66;1315.9;7;0;-16
Kyle Lowry;PG;TOR;33;35;23;12;1296;701;209;511;40.9;102;297;34.3;181;211;85.8;19;139;158;255;97;43;15;110;1350.1;6;1;95
Eric Bledsoe;PG;MIL;30;38;34;4;996;569;209;436;47.9;47;134;35.1;104;125;83.2;27;144;171;192;84;34;21;82;1143.2;0;0;313
Darius Garland;PG;CLE;20;46;12;34;1389;567;213;540;39.4;86;242;35.5;55;63;87.3;19;70;89;164;123;35;0;70;901.8;1;0;-262
Malcolm Brogdon;PG;IND;27;33;23;10;994;563;202;460;43.9;46;134;34.3;113;122;92.6;23;119;142;241;83;24;6;61;1101.9;8;0;98
Goran Dragic;PG;MIA;33;34;24;10;951;537;186;412;45.1;76;194;39.2;89;122;73;15;89;104;170;89;19;7;63;905.8;2;0;45
Coby White;PG;CHI;19;48;18;30;1155;535;196;521;37.6;83;243;34.2;60;81;74.1;18;146;164;106;71;36;3;75;936.8;0;0;-157
De'Aaron Fox;PG;SAC;22;27;7;20;840;517;188;399;47.1;26;86;30.2;115;164;70.1;22;94;116;193;91;42;12;81;1016.7;6;0;-76
Patty Mills;PG;SAS;31;45;20;25;1046;511;175;407;43;103;262;39.3;58;72;80.6;15;63;78;91;40;35;5;64;821.1;0;0;117
Ricky Rubio;PG;PHX;29;39;17;22;1258;508;183;451;40.6;46;136;33.8;96;119;80.7;29;151;180;345;102;53;9;95;1325.5;14;1;64
Ish Smith;PG;WAS;31;45;15;30;1184;500;209;455;45.9;42;118;35.6;40;60;66.7;20;115;135;204;59;36;16;64;1065;0;0;-98
Jeff Teague;PG;ATL;31;39;14;25;1052;481;158;354;44.6;36;93;38.7;129;148;87.2;19;81;100;231;88;26;14;79;979.5;3;0;-98
Tomas Satoransky;PG;CHI;28;48;18;30;1366;480;175;396;44.2;50;147;34;80;92;87;48;128;176;254;94;64;6;97;1188.2;2;0;34
Aaron Holiday;PG;IND;23;45;30;15;1052;466;174;410;42.4;71;167;42.5;47;54;87;17;86;103;159;60;34;10;82;900.1;2;0;110
Lonzo Ball;PG;NOP;22;39;14;25;1221;465;174;447;38.9;90;251;35.9;27;50;54;46;180;226;258;107;50;14;75;1208.2;9;3;-82
Kyrie Irving;PG;BKN;27;17;6;11;565;463;168;365;46;46;123;37.4;81;88;92;17;72;89;114;38;23;9;44;798.8;3;1;-35
Derrick White;PG;SAS;25;43;20;23;1024;437;151;324;46.6;42;110;38.2;93;113;82.3;23;110;133;143;54;27;36;92;946.1;0;0;37
Isaiah Thomas;PG;WAS;30;36;12;24;836;433;155;376;41.2;68;163;41.7;55;68;80.9;8;48;56;136;73;13;6;71;688.2;1;0;-194
George Hill;PG;MIL;33;43;37;6;907;426;153;280;54.6;67;128;52.3;53;65;81.5;39;93;132;129;39;32;4;59;846.9;0;0;216
D.J. Augustin;PG;ORL;32;39;19;20;1013;417;128;326;39.3;47;136;34.6;114;130;87.7;15;80;95;184;54;27;1;44;837;0;0;49
Dejounte Murray;PG;SAS;23;41;18;23;986;417;172;356;48.3;22;59;37.3;51;66;77.3;50;187;237;160;87;67;12;93;1091.4;4;0;-163
Kris Dunn;PG;CHI;25;48;18;30;1217;357;144;330;43.6;29;110;26.4;40;54;74.1;23;153;176;162;63;97;16;152;1087.2;0;0;-18
Monte Morris;PG;DEN;24;46;32;14;890;357;144;327;44;35;88;39.8;34;42;81;14;64;78;161;28;32;10;39;790.1;0;0;31
Jalen Brunson;PG;DAL;23;45;28;17;752;332;130;282;46.1;32;94;34;40;51;78.4;19;88;107;142;45;20;3;58;697.4;2;0;124
Mike Conley;PG;UTA;32;26;17;9;718;330;113;301;37.5;43;123;35;61;76;80.3;16;64;80;109;47;19;4;54;611.5;0;0;47
Emmanuel Mudiay;PG;UTA;23;41;29;12;678;310;123;256;48;24;68;35.3;40;55;72.7;14;87;101;99;59;16;8;58;592.7;0;0;14
T.J. McConnell;PG;IND;27;45;29;16;880;310;141;273;51.6;4;11;36.4;24;30;80;21;97;118;249;61;32;8;48;884.1;2;0;20
Shabazz Napier;PG;MIN;28;33;9;24;762;309;102;253;40.3;42;141;29.8;63;75;84;12;86;98;162;69;35;6;55;723.6;1;1;-45
Patrick Beverley;PG;LAC;31;36;27;9;1020;298;110;260;42.3;54;154;35.1;24;38;63.2;48;168;216;143;47;47;22;116;931.7;4;0;180
Tyus Jones;PG;MEM;23;46;22;24;863;287;118;270;43.7;25;73;34.2;26;34;76.5;6;67;73;207;44;39;6;31;776.1;0;0;-86
Cory Joseph;PG;SAC;28;45;16;29;1132;283;109;273;39.9;30;91;33;35;42;83.3;24;96;120;156;51;32;15;90;751;0;0;-84
De'Anthony Melton;PG;MEM;21;35;17;18;627;283;103;217;47.5;20;62;32.3;57;66;86.4;25;107;132;107;53;45;12;64;719.9;0;0;121
Brad Wanamaker;PG;BOS;30;44;30;14;809;275;91;216;42.1;18;60;30;75;82;91.5;13;72;85;115;49;26;11;80;611.5;0;0;76
Ky Bowman;PG;GSW;22;37;9;28;827;271;108;264;40.9;31;90;34.4;24;29;82.8;18;76;94;105;49;36;5;83;615.3;0;0;-85
Frank Ntilikina;PG;NYK;21;43;12;31;919;257;95;253;37.5;32;103;31.1;35;40;87.5;17;78;95;132;58;42;16;111;685;0;0;-103
Elfrid Payton;PG;NYK;25;29;10;19;757;252;111;266;41.7;12;51;23.5;18;35;51.4;32;89;121;181;56;41;14;57;777.7;2;0;-62
Rajon Rondo;PG;LAL;33;31;24;7;658;235;92;225;40.9;29;83;34.9;22;29;75.9;16;95;111;167;63;27;2;36;642.7;2;0;53
Frank Jackson;PG;NOP;21;38;15;23;511;221;79;200;39.5;28;92;30.4;35;46;76.1;13;34;47;30;32;14;2;52;338.4;0;0;-77
Ryan Arcidiacono;PG;CHI;25;44;18;26;643;171;58;150;38.7;36;91;39.6;19;26;73.1;14;58;72;65;23;18;2;74;391.9;0;0;-41
Elie Okobo;PG;PHX;22;37;16;21;457;163;52;133;39.1;19;54;35.2;40;59;67.8;12;45;57;76;17;17;4;33;391.4;0;0;6
Quinn Cook;PG;LAL;26;30;24;6;369;163;68;151;45;21;55;38.2;6;9;66.7;6;31;37;37;22;10;1;20;273.9;0;0;79
Yogi Ferrell;PG;SAC;26;34;12;22;409;162;59;138;42.8;16;52;30.8;28;32;87.5;5;35;40;49;19;11;3;25;306.5;0;0;-36
Tyler Johnson;PG;PHX;27;28;10;18;473;160;59;157;37.6;20;74;27;22;30;73.3;10;41;51;47;22;10;7;38;320.7;0;0;-114
Raul Neto;PG;PHI;27;38;23;15;417;152;60;129;46.5;21;50;42;11;14;78.6;6;32;38;59;31;18;5;30;324.1;0;0;13
Michael Carter-Williams;PG;ORL;28;24;10;14;396;149;55;135;40.7;9;36;25;30;41;73.2;22;54;76;54;23;24;9;41;397.2;0;0;32
Trey Burke;PG;PHI;27;23;13;10;312;145;58;121;47.9;16;36;44.4;13;18;72.2;14;20;34;50;12;7;1;19;272.8;0;0;53
Chris Clemons;PG;HOU;22;25;16;9;224;133;48;111;43.2;33;86;38.4;4;5;80;2;18;20;19;16;6;5;20;202.5;0;0;-20
Brandon Goodwin;PG;ATL;24;18;7;11;231;118;43;110;39.1;16;49;32.7;16;16;100;6;30;36;28;17;10;3;27;225.2;0;0;-79
Matthew Dellavedova;PG;CLE;29;43;12;31;535;116;40;122;32.8;11;64;17.2;25;28;89.3;12;38;50;114;38;15;1;60;357;0;0;-16
J.J. Barea;PG;DAL;35;13;7;6;195;113;44;97;45.4;20;42;47.6;5;5;100;5;19;24;41;15;3;1;8;200.3;0;0;46
Jevon Carter;PG;PHX;24;31;14;17;413;112;41;107;38.3;23;59;39;7;9;77.8;12;40;52;44;23;24;9;45;316.4;0;0;-44
Dennis Smith Jr.;PG;NYK;22;22;3;19;342;109;41;128;32;12;41;29.3;15;30;50;13;32;45;57;31;10;7;44;268.5;0;0;-133
Dante Exum;PG;CLE;24;24;6;18;316;105;38;80;47.5;10;28;35.7;19;27;70.4;6;34;40;27;22;7;4;23;204.5;0;0;-88
Tim Frazier;PG;DET;29;27;9;18;355;97;34;94;36.2;10;30;33.3;19;24;79.2;9;24;33;93;36;14;4;42;294.1;0;0;-54
Carsen Edwards;PG;BOS;21;29;20;9;284;94;32;102;31.4;19;62;30.6;11;13;84.6;5;35;40;22;15;10;2;25;196;0;0;-32
Edmond Sumner;PG;IND;24;19;8;11;260;86;35;80;43.8;8;26;30.8;8;13;61.5;8;19;27;28;14;12;6;27;200.4;0;0;-21
Stephen Curry;PG;GSW;31;4;1;3;112;81;27;66;40.9;9;37;24.3;18;18;100;4;16;20;26;15;5;2;10;150;1;0;-32
Brandon Knight;PG;CLE;28;16;3;13;241;79;28;86;32.6;19;64;29.7;4;13;30.8;3;17;20;31;16;5;2;20;154.5;0;0;-49
Shaquille Harrison;PG;CHI;26;28;11;17;202;76;27;69;39.1;4;15;26.7;18;26;69.2;7;29;36;27;8;12;5;23;202.7;1;0;35
Evan Turner;PG;ATL;31;18;3;15;230;60;24;63;38.1;0;5;0;12;14;85.7;7;29;36;36;25;8;8;18;180.2;0;0;-69
Jordan McLaughlin;PG;MIN;23;12;3;9;206;58;21;59;35.6;9;28;32.1;7;10;70;2;19;21;37;9;9;0;10;156.7;0;0;-43
Ty Jerome;PG;PHX;22;16;6;10;170;52;20;58;34.5;8;25;32;4;5;80;4;20;24;26;11;12;2;19;150.8;0;0;-77
Derrick Walton Jr.;PG;LAC;24;23;14;9;222;50;17;36;47.2;9;21;42.9;7;9;77.8;2;13;15;22;4;4;0;19;109;0;0;4
Reggie Jackson;PG;DET;29;4;2;2;78;46;16;38;42.1;5;15;33.3;9;11;81.8;2;9;11;18;3;4;0;6;95.2;0;0;24
PJ Dozier;PG;DEN;23;7;5;2;95;44;20;43;46.5;4;13;30.8;0;0;0;1;11;12;12;5;1;0;13;74.4;0;0;-26
Chris Chiozza;PG;BKN;24;12;2;10;134;27;10;38;26.3;7;18;38.9;0;0;0;0;17;17;30;9;11;2;12;122.4;0;0;53
Tremont Waters;PG;BOS;22;6;4;2;56;26;9;25;36;2;14;14.3;6;6;100;0;6;6;8;5;4;2;6;58.2;0;0;26
Justin Robinson;PG;WAS;22;9;2;7;49;13;5;12;41.7;3;5;60;0;0;0;1;4;5;7;3;0;1;2;29.5;0;0;31
Josh Magette;PG;ORL;30;8;3;5;38;12;5;15;33.3;1;4;25;1;2;50;1;5;6;5;5;3;1;4;33.7;0;0;1
Shamorie Ponds;PG;TOR;21;4;4;0;11;9;3;5;60;1;2;50;2;2;100;0;1;1;2;0;0;1;2;16.2;0;0;0
Frank Mason;PG;MIL;25;4;4;0;18;5;1;7;14.3;1;4;25;2;4;50;1;1;2;5;1;1;0;2;16.9;0;0;17
Jordan Bone;PG;DET;22;6;2;4;19;4;2;9;22.2;0;3;0;0;0;0;0;0;0;3;2;0;0;2;6.5;0;0;-2
Nigel Williams-Goss;PG;UTA;25;9;5;4;28;4;1;7;14.3;0;2;0;2;2;100;2;3;5;5;2;1;1;2;21.5;0;0;7
Josh Gray;PG;NOP;26;2;1;1;23;2;1;2;50;0;0;0;0;0;0;1;1;2;2;5;0;0;1;2.4;0;0;-7
Jalen Lecque;PG;PHX;19;1;1;0;2;0;0;1;0;0;0;0;0;0;0;0;0;0;0;0;0;0;0;0;0;0;-5
Jared Harper;PG;PHX;22;1;1;0;2;0;0;1;0;0;1;0;0;0;0;0;0;0;0;0;0;0;0;0;0;0;-1
LeBron James;SF;LAL;35;44;35;9;1531;1112;425;860;49.4;91;266;34.2;171;244;70.1;45;292;337;472;173;59;21;76;2291.4;33;10;353
Kawhi Leonard;SF;LAC;28;36;28;8;1168;987;346;742;46.6;72;198;36.4;223;251;88.8;40;235;275;186;116;71;23;70;1762;11;1;311
Bojan Bogdanovic;SF;UTA;30;44;32;12;1461;929;305;675;45.2;134;322;41.6;185;204;90.7;26;153;179;88;118;26;6;78;1253.8;0;0;338
Tobias Harris;SF;PHI;27;47;30;17;1617;918;358;749;47.8;85;237;35.9;117;146;80.1;34;281;315;137;73;37;29;111;1626.5;7;0;132
Andrew Wiggins;SF;MIN;24;38;12;26;1315;858;322;727;44.3;80;250;32;134;184;72.8;45;147;192;136;94;26;33;88;1375.4;2;1;-92
T.J. Warren;SF;IND;26;47;30;17;1512;857;341;664;51.4;54;144;37.5;121;147;82.3;44;132;176;67;56;52;22;124;1334.7;0;0;71
Kelly Oubre Jr.;SF;PHX;24;44;17;27;1502;807;286;630;45.4;77;229;33.6;158;202;78.2;52;236;288;70;71;61;35;151;1474.6;7;0;-27
Jimmy Butler;SF;MIA;30;39;27;12;1360;791;228;519;43.9;26;102;25.5;309;371;83.3;74;199;273;254;92;70;22;54;1683.6;9;3;220
Khris Middleton;SF;MIL;28;39;33;6;1116;755;278;558;49.8;85;203;41.9;114;128;89.1;32;193;225;151;76;38;6;86;1307.5;2;0;340
Dillon Brooks;SF;MEM;24;46;22;24;1294;730;261;622;42;101;251;40.2;107;126;84.9;47;111;158;95;76;46;18;177;1178.1;0;0;-48
Harrison Barnes;SF;SAC;27;45;16;29;1579;678;234;521;44.9;60;171;35.1;150;190;78.9;42;179;221;93;54;29;7;51;1136.7;3;0;-45
Paul George;SF;LAC;29;26;19;7;799;610;198;462;42.9;94;238;39.5;120;132;90.9;12;143;155;97;85;38;12;65;1006.5;2;0;110
De'Andre Hunter;SF;ATL;22;46;12;34;1423;560;204;501;40.7;71;215;33;81;105;77.1;24;148;172;80;75;31;13;127;943.4;1;0;-220
Taurean Prince;SF;BKN;25;45;19;26;1349;553;200;524;38.2;110;308;35.7;43;55;78.2;37;251;288;95;93;41;18;112;1125.1;8;0;5
Miles Bridges;SF;CHA;21;46;15;31;1383;547;211;486;43.4;65;190;34.2;60;75;80;56;191;247;82;76;27;34;99;1073.4;3;0;-373
Glenn Robinson III;SF;GSW;26;44;8;36;1398;544;216;460;47;59;150;39.3;53;63;84.1;63;150;213;71;46;40;12;78;1016.1;1;0;-317
Cedi Osman;SF;CLE;24;46;12;34;1349;512;191;425;44.9;87;221;39.4;43;65;66.2;22;130;152;102;61;40;13;108;945.4;1;0;-299
Joe Ingles;SF;UTA;32;45;32;13;1343;487;170;377;45.1;98;234;41.9;49;64;76.6;17;173;190;224;85;42;6;92;1110;2;0;237
Gordon Hayward;SF;BOS;29;29;18;11;936;480;192;377;50.9;44;119;37;52;59;88.1;26;152;178;118;53;22;11;54;916.6;5;0;163
OG Anunoby;SF;TOR;22;45;31;14;1318;480;192;391;49.1;61;165;37;35;53;66;49;199;248;74;56;50;30;109;1072.6;4;0;161
Josh Hart;SF;NOP;24;40;14;26;1134;428;147;352;41.8;84;239;35.1;50;66;75.8;40;209;249;58;49;44;15;110;941.8;5;0;-29
Jae Crowder;SF;MEM;29;42;18;24;1239;410;137;377;36.3;74;253;29.2;62;80;77.5;38;222;260;119;52;44;14;82;1022.5;5;0;-121
Danuel House Jr.;SF;HOU;26;39;24;15;1175;391;135;318;42.5;77;209;36.8;44;58;75.9;39;116;155;47;34;37;22;85;790.5;0;0;115
Cam Reddish;SF;ATL;20;43;11;32;1130;389;134;386;34.7;52;170;30.6;69;88;78.4;28;137;165;67;72;46;19;92;810.5;0;0;-238
Jonathan Isaac;SF;ORL;22;32;13;19;949;384;149;322;46.3;30;91;33;56;73;76.7;57;165;222;44;47;50;78;79;1053.4;5;0;10
Kent Bazemore;SF;SAC;30;45;19;26;1146;350;116;337;34.4;57;176;32.4;61;78;78.2;15;163;178;61;62;47;32;127;830.1;0;0;9
Rui Hachimura;SF;WAS;21;25;8;17;729;348;146;303;48.2;10;48;20.8;46;54;85.2;39;106;145;40;20;18;3;57;625;2;0;-204
Mikal Bridges;SF;PHX;23;46;19;27;1108;343;128;251;51;28;89;31.5;59;74;79.7;37;141;178;65;42;64;21;96;867.1;0;0;62
Tony Snell;SF;DET;28;41;15;26;1083;332;120;254;47.2;76;176;43.2;16;16;100;6;66;72;57;17;18;9;68;567.9;0;0;-122
Kevin Knox II;SF;NYK;20;46;13;33;866;331;112;300;37.3;52;155;33.5;55;85;64.7;18;123;141;50;29;20;18;69;660.2;0;0;-164
Cameron Johnson;SF;PHX;23;38;16;22;754;297;102;243;42;66;166;39.8;27;36;75;35;81;116;36;24;17;12;56;553.2;0;0;-80
Rondae Hollis-Jefferson;SF;TOR;25;38;26;12;747;290;107;229;46.7;2;14;14.3;74;101;73.3;80;109;189;66;37;36;15;81;731.8;2;0;81
James Ennis III;SF;PHI;29;45;30;15;745;277;96;218;44;37;103;35.9;48;61;78.7;48;98;146;39;30;21;13;84;582.7;0;0;19
Derrick Jones Jr.;SF;MIA;22;31;21;10;748;259;94;200;47;18;77;23.4;53;68;77.9;27;103;130;27;22;32;22;71;595.5;0;0;-68
Solomon Hill;SF;MEM;28;44;22;22;825;258;91;222;41;53;139;38.1;23;33;69.7;22;111;133;86;36;31;7;62;624.6;0;0;-35
Justin Jackson;SF;DAL;24;40;26;14;657;242;91;225;40.4;36;114;31.6;24;29;82.8;18;79;97;27;8;9;5;49;432.9;0;0;51
Keita Bates-Diop;SF;MIN;24;34;8;26;606;240;83;196;42.3;30;87;34.5;44;63;69.8;21;82;103;27;13;16;18;33;493.1;0;0;-125
Rodney Hood;SF;POR;27;21;8;13;619;230;87;172;50.6;35;71;49.3;21;27;77.8;10;62;72;32;19;17;4;46;408.4;0;0;5
Trevor Ariza;SF;POR;34;34;13;21;858;220;74;183;40.4;48;132;36.4;24;31;77.4;22;135;157;53;32;37;7;69;587.9;0;0;-24
Kyle Anderson;SF;MEM;26;40;20;20;674;199;81;171;47.4;7;36;19.4;30;45;66.7;37;118;155;83;31;28;18;55;616.5;0;0;-64
Abdel Nader;SF;OKC;26;32;21;11;520;198;71;151;47;28;77;36.4;28;35;80;10;41;51;24;28;11;10;42;330.2;0;0;-29
Vince Carter;SF;ATL;43;40;11;29;598;193;69;206;33.5;40;140;28.6;15;21;71.4;9;68;77;38;23;14;17;60;412.4;0;0;-119
Isaac Bonga;SF;WAS;20;40;13;27;689;178;66;121;54.5;12;31;38.7;34;45;75.6;40;90;130;43;27;28;12;87;491.5;0;0;-13
Wes Iwundu;SF;ORL;25;33;15;18;605;168;54;144;37.5;14;45;31.1;46;56;82.1;19;70;89;33;16;20;10;50;398.3;0;0;1
Mario Hezonja;SF;POR;24;34;13;21;565;152;52;135;38.5;13;45;28.9;35;41;85.4;21;109;130;27;28;20;4;77;392.5;1;0;-121
Sekou Doumbouya;SF;DET;19;20;7;13;380;140;53;118;44.9;14;47;29.8;20;30;66.7;9;56;65;9;15;10;5;44;261.5;2;0;20
Rodions Kurucs;SF;BKN;21;29;7;22;392;136;51;104;49;22;47;46.8;12;20;60;15;57;72;27;31;13;2;54;276.9;0;0;-25
Chandler Hutchison;SF;CHI;23;21;7;14;338;134;46;99;46.5;9;22;40.9;33;52;63.5;6;63;69;16;20;20;5;32;295.8;0;0;-66
Torrey Craig;SF;DEN;29;33;25;8;518;133;52;123;42.3;15;59;25.4;14;21;66.7;27;60;87;20;16;13;21;71;353.4;1;0;-67
Patrick McCaw;SF;TOR;24;23;16;7;584;125;51;116;44;16;48;33.3;7;9;77.8;11;38;49;57;23;27;4;39;339.3;1;0;-32
Justise Winslow;SF;MIA;23;11;7;4;352;124;50;129;38.8;6;27;22.2;18;27;66.7;16;57;73;44;24;7;5;38;289.6;1;0;52
Cody Martin;SF;CHA;24;32;10;22;457;121;42;107;39.3;8;41;19.5;29;42;69;19;59;78;37;19;22;6;45;335.1;0;0;6
Alfonzo McKinnie;SF;CLE;27;31;7;24;415;118;48;115;41.7;9;43;20.9;13;19;68.4;25;61;86;10;19;15;5;52;277.2;1;0;-31
Nassir Little;SF;POR;19;35;15;20;433;118;44;110;40;9;42;21.4;21;33;63.6;25;66;91;18;13;9;12;54;304.2;1;0;-48
Otto Porter Jr.;SF;CHI;26;9;3;6;226;101;35;84;41.7;16;40;40;15;20;75;8;23;31;14;7;9;3;20;188.2;0;0;7
Kelan Martin;SF;MIN;24;17;8;9;295;98;39;109;35.8;15;57;26.3;5;5;100;5;53;58;9;6;3;5;32;199.1;0;0;-6
Admiral Schofield;SF;WAS;22;24;7;17;288;83;30;74;40.5;14;46;30.4;9;12;75;6;27;33;14;7;7;3;41;166.6;0;0;-28
Nicolas Batum;SF;CHA;31;22;6;16;505;79;28;81;34.6;14;49;28.6;9;10;90;25;75;100;66;22;17;8;41;351;0;0;-48
JaKarr Sampson;SF;IND;26;16;9;7;223;70;32;54;59.3;2;10;20;4;10;40;8;29;37;4;6;6;7;28;153.4;0;0;-5
Bruno Caboclo;SF;MEM;24;22;7;15;192;62;28;69;40.6;4;25;16;2;3;66.7;17;27;44;10;7;10;12;23;188.8;1;0;-19
Thabo Sefolosha;SF;HOU;35;29;19;10;286;60;24;61;39.3;12;38;31.6;0;2;0;13;52;65;17;9;11;7;27;208.5;0;0;8
Jared Dudley;SF;LAL;34;32;23;9;280;58;20;46;43.5;16;32;50;2;2;100;4;30;34;18;6;11;3;35;161.8;0;0;-7
Michael Kidd-Gilchrist;SF;CHA;26;12;4;8;160;48;18;53;34;5;17;29.4;7;9;77.8;9;26;35;10;7;0;3;18;107;0;0;22
Norvel Pelle;SF;PHI;26;14;8;6;156;35;15;27;55.6;0;0;0;5;10;50;12;39;51;7;11;1;21;31;161.7;0;0;-38
DeMarre Carroll;SF;SAS;33;15;7;8;135;33;9;29;31;3;13;23.1;12;20;60;7;24;31;11;10;2;2;20;88.7;0;0;19
Jaylen Hoard;SF;POR;20;12;7;5;93;32;13;29;44.8;0;3;0;6;11;54.5;13;17;30;4;4;5;0;10;85;0;0;7
Oshae Brissett;SF;TOR;21;13;9;4;113;30;11;30;36.7;3;12;25;5;6;83.3;8;12;20;4;4;3;1;15;68;0;0;19
Dragan Bender;SF;MIL;22;7;7;0;91;26;10;21;47.6;4;9;44.4;2;3;66.7;0;20;20;9;5;0;5;16;73.5;0;0;44
Thanasis Antetokounmpo;SF;MIL;27;14;13;1;56;26;11;20;55;0;2;0;4;8;50;6;1;7;6;5;1;1;7;44.4;0;0;-17
Stanley Johnson;SF;TOR;23;14;10;4;73;19;7;26;26.9;2;12;16.7;3;4;75;3;12;15;4;7;3;1;7;48;0;0;-9
Ignas Brazdeikis;SF;NYK;21;9;1;8;53;17;6;22;27.3;1;9;11.1;4;5;80;2;3;5;4;2;0;1;3;30;0;0;-12
Chandler Parsons;SF;ATL;31;5;0;5;54;14;5;18;27.8;4;14;28.6;0;0;0;1;6;7;3;3;4;1;3;38.9;0;0;-40
BJ Johnson;SF;ORL;24;5;3;2;39;11;5;15;33.3;1;5;20;0;0;0;1;3;4;2;3;2;0;0;21.8;0;0;-15
Caleb Martin;SF;CHA;24;5;0;5;32;9;3;10;30;0;3;0;3;5;60;1;4;5;3;3;1;2;3;25.5;0;0;-3
Vlatko Cancar;SF;DEN;22;9;4;5;16;7;2;5;40;1;3;33.3;2;2;100;1;2;3;3;1;1;0;1;17.1;0;0;9
Zylan Cheatham;SF;NOP;24;3;2;1;31;4;2;5;40;0;1;0;0;0;0;1;5;6;2;3;0;1;5;14.2;0;0;-30
Keldon Johnson;SF;SAS;20;2;0;2;7;2;1;4;25;0;0;0;0;0;0;0;2;2;0;0;0;0;0;4.4;0;0;9
KZ Okpala;SF;MIA;20;3;2;1;3;0;0;0;0;0;0;0;0;0;0;0;1;1;0;1;0;0;0;0.2;0;0;-7
Stanton Kidd;SF;UTA;27;4;3;1;15;0;0;3;0;0;1;0;0;0;0;0;3;3;1;2;0;0;3;3.1;0;0;-1
James Harden;SG;HOU;30;43;28;15;1593;1551;447;1019;43.9;200;561;35.7;457;531;86.1;46;220;266;314;198;69;40;139;2470.2;13;2;189
Zach LaVine;SG;CHI;24;48;18;30;1642;1214;421;944;44.6;149;383;38.9;223;270;82.6;34;200;234;187;155;67;23;106;1890.3;2;0;-67
Devin Booker;SG;PHX;23;43;19;24;1553;1159;397;782;50.8;84;230;36.5;281;305;92.1;24;149;173;273;168;33;11;135;1740.1;6;0;55
Donovan Mitchell;SG;UTA;23;44;31;13;1510;1085;402;875;45.9;106;288;36.8;175;204;85.8;34;156;190;187;108;50;11;104;1668.5;1;0;189
Bradley Beal;SG;WAS;26;38;11;27;1347;1067;369;812;45.4;93;296;31.4;236;281;84;39;132;171;241;124;37;11;86;1653.7;7;0;-226
DeMar DeRozan;SG;SAS;30;45;20;25;1544;1009;379;709;53.5;8;29;27.6;243;287;84.7;30;224;254;235;113;47;12;126;1730.3;3;0;-137
Spencer Dinwiddie;SG;BKN;26;45;19;26;1404;956;316;757;41.7;84;281;29.9;240;309;77.7;20;130;150;291;128;32;15;132;1585.5;5;0;16
CJ McCollum;SG;POR;28;43;19;24;1531;930;370;814;45.5;115;297;38.7;75;95;78.9;29;142;171;164;74;33;28;107;1490.2;1;0;-2
Shai Gilgeous-Alexander;SG;OKC;21;47;28;19;1671;924;335;716;46.8;53;160;33.1;201;245;82;33;248;281;145;93;59;28;78;1646.7;5;1;90
Buddy Hield;SG;SAC;27;45;16;29;1536;901;329;786;41.9;161;442;36.4;82;100;82;40;189;229;144;116;39;15;118;1437.8;2;0;-104
Evan Fournier;SG;ORL;27;46;20;26;1446;873;311;663;46.9;119;296;40.2;132;162;81.5;9;112;121;150;92;48;9;114;1322.2;0;0;-60
Lou Williams;SG;LAC;33;44;31;13;1319;865;280;669;41.9;85;232;36.6;220;253;87;19;116;135;266;132;27;8;62;1399;2;0;142
Jrue Holiday;SG;NOP;29;38;14;24;1352;752;297;674;44.1;79;223;35.4;79;110;71.8;52;133;185;240;114;64;28;82;1496;5;0;-96
Jaylen Brown;SG;BOS;23;37;24;13;1238;739;268;546;49.1;76;197;38.6;127;169;75.1;41;205;246;86;83;44;9;109;1239.2;6;0;108
Kendrick Nunn;SG;MIA;24;44;31;13;1345;713;282;612;46.1;90;253;35.6;59;71;83.1;12;112;124;156;81;40;8;102;1158.8;0;0;136
Alec Burks;SG;GSW;28;44;9;35;1287;698;223;556;40.1;71;200;35.5;181;201;90;35;175;210;144;66;46;15;103;1283;1;0;-230
D'Angelo Russell;SG;GSW;23;29;7;22;934;693;243;562;43.2;105;279;37.6;102;129;79.1;10;94;104;183;91;24;8;60;1097.3;1;0;-178
Fred VanVleet;SG;TOR;25;36;25;11;1301;657;216;535;40.4;100;251;39.8;125;150;83.3;13;123;136;246;82;72;13;84;1362.2;6;0;110
JJ Redick;SG;NOP;35;42;16;26;1176;655;204;448;45.5;131;280;46.8;116;131;88.5;9;108;117;79;49;13;7;64;924.9;0;0;-27
Will Barton;SG;DEN;29;43;30;13;1436;638;244;550;44.4;73;199;36.7;77;101;76.2;64;214;278;159;60;50;22;90;1366.1;7;0;210
Jordan Clarkson;SG;UTA;27;44;22;22;1044;630;224;508;44.1;87;246;35.4;95;112;84.8;33;78;111;94;52;27;12;55;969.2;0;0;-42
Joe Harris;SG;BKN;28;44;19;25;1396;606;226;491;46;107;265;40.4;47;64;73.4;40;143;183;91;67;30;13;103;1024.1;0;0;50
Terrence Ross;SG;ORL;28;45;20;25;1169;604;206;518;39.8;99;303;32.7;93;111;83.8;10;125;135;46;43;50;13;70;981;0;0;-93
Tim Hardaway Jr.;SG;DAL;27;42;27;15;1106;597;208;484;43;112;282;39.7;69;88;78.4;16;108;124;70;35;26;4;72;905.8;0;0;220
RJ Barrett;SG;NYK;19;41;11;30;1281;578;210;534;39.3;47;143;32.9;111;184;60.3;44;171;215;101;90;43;16;92;1074.5;2;0;-259
Josh Richardson;SG;PHI;26;38;22;16;1198;569;209;479;43.6;61;183;33.3;90;110;81.8;30;95;125;129;80;37;23;101;1012.5;0;0;77
Tyler Herro;SG;MIA;20;42;28;14;1178;559;204;487;41.9;91;231;39.4;60;73;82.2;13;161;174;87;69;28;3;55;922.3;0;0;-9
Norman Powell;SG;TOR;26;35;26;9;993;547;197;388;50.8;74;179;41.3;79;94;84;20;113;133;62;52;40;13;70;906.6;0;0;127
Markelle Fultz;SG;ORL;21;46;21;25;1269;538;223;485;46;21;80;26.3;71;97;73.2;23;139;162;210;92;59;9;87;1159.4;1;1;-9
Bryn Forbes;SG;SAS;26;45;20;25;1157;510;178;441;40.4;104;282;36.9;50;61;82;11;89;100;80;44;23;0;84;775;0;0;-139
Bogdan Bogdanovic;SG;SAC;27;34;14;20;950;490;180;423;42.6;88;236;37.3;42;63;66.7;12;88;100;118;69;33;9;69;844;2;0;-56
Langston Galloway;SG;DET;28;47;17;30;1207;483;164;384;42.7;93;238;39.1;62;73;84.9;22;86;108;71;29;38;8;64;828.1;0;0;-45
Jeremy Lamb;SG;IND;27;36;24;12;1037;472;177;391;45.3;42;130;32.3;76;87;87.4;20;144;164;82;42;45;19;80;941.8;2;0;29
Seth Curry;SG;DAL;29;43;26;17;983;466;164;352;46.6;83;202;41.1;55;61;90.2;21;63;84;76;40;25;7;72;736.8;0;0;85
Ben McLemore;SG;HOU;26;45;28;17;1067;449;151;358;42.2;111;300;37;36;45;80;16;89;105;40;40;30;10;93;715;1;0;194
Kentavious Caldwell-Pope;SG;LAL;26;46;36;10;1183;447;160;340;47.1;68;158;43;59;72;81.9;29;74;103;83;41;35;10;85;789.1;0;0;144
Luke Kennard;SG;DET;23;28;11;17;922;442;151;342;44.2;73;183;39.9;67;75;89.3;9;89;98;115;43;12;6;65;743.1;0;0;-22
Troy Brown Jr.;SG;WAS;20;42;14;28;1084;440;171;366;46.7;34;98;34.7;64;84;76.2;47;200;247;89;46;54;4;78;997.9;4;0;-122
Marcus Smart;SG;BOS;25;36;23;13;1130;436;147;393;37.4;80;233;34.3;62;75;82.7;27;98;125;174;48;56;15;91;1012;0;0;122
Anfernee Simons;SG;POR;20;47;20;27;1084;432;163;405;40.2;52;167;31.1;54;68;79.4;19;100;119;70;49;17;9;98;708.8;1;0;-237
Jarrett Culver;SG;MIN;20;45;15;30;1111;428;170;435;39.1;47;170;27.6;41;90;45.6;55;107;162;87;61;43;32;93;916.9;0;0;-53
Gary Harris;SG;DEN;25;39;28;11;1264;419;159;380;41.8;50;162;30.9;51;62;82.3;21;88;109;86;39;56;11;89;840.8;0;0;128
Kevin Huerter;SG;ATL;21;36;11;25;1022;413;149;360;41.4;77;194;39.7;38;46;82.6;23;134;157;120;60;32;18;84;871.4;1;0;-132
Furkan Korkmaz;SG;PHI;22;46;29;17;954;411;149;346;43.1;84;214;39.3;29;42;69;10;88;98;38;32;23;10;66;652.6;0;0;96
Garrett Temple;SG;BKN;33;40;18;22;1146;406;141;385;36.6;82;255;32.2;42;56;75;23;117;140;98;49;34;18;68;828;0;0;-75
Danny Green;SG;LAL;32;45;35;10;1129;397;142;334;42.5;87;230;37.8;26;37;70.3;32;127;159;58;39;57;21;101;869.8;0;0;224
Malik Monk;SG;CHA;21;44;14;30;861;394;150;343;43.7;40;154;26;54;68;79.4;18;98;116;89;56;19;11;59;700.7;1;0;-132
Bruce Brown;SG;DET;23;44;16;28;1204;387;148;332;44.6;26;75;34.7;65;95;68.4;42;145;187;170;74;53;23;119;1020.4;1;0;-63
Justin Holiday;SG;IND;30;47;30;17;1182;384;134;316;42.4;85;207;41.1;31;39;79.5;18;141;159;70;24;48;29;82;886.8;0;0;53
Donte DiVincenzo;SG;MIL;22;42;38;4;956;371;141;312;45.2;50;149;33.6;39;50;78;39;155;194;97;51;65;12;69;929.3;0;0;353
Jordan McRae;SG;WAS;28;29;10;19;654;370;133;317;42;40;106;37.7;64;83;77.1;17;87;104;82;38;19;15;61;681.8;0;0;-49
Svi Mykhailiuk;SG;DET;22;42;15;27;912;368;123;282;43.6;86;200;43;36;42;85.7;11;57;68;68;42;27;4;61;602.6;0;0;31
Damion Lee;SG;GSW;27;31;7;24;857;363;123;307;40.1;39;116;33.6;78;89;87.6;26;137;163;78;44;29;3;68;727.6;3;0;-68
Josh Okogie;SG;MIN;21;44;15;29;1054;352;113;281;40.2;29;112;25.9;97;126;77;60;137;197;70;65;48;20;92;832.4;0;0;-99
E'Twaun Moore;SG;NOP;30;35;17;18;720;348;137;321;42.7;51;129;39.5;23;36;63.9;23;75;98;59;27;21;5;56;605.1;0;0;-1
Terence Davis;SG;TOR;22;46;32;14;770;334;122;262;46.6;60;149;40.3;30;32;93.8;33;125;158;88;48;25;8;69;706.6;1;0;220
Austin Rivers;SG;HOU;27;41;27;14;944;332;121;286;42.3;50;153;32.7;40;59;67.8;18;81;99;68;26;26;6;80;622.8;0;0;65
Delon Wright;SG;DAL;27;43;27;16;890;313;119;247;48.2;26;71;36.6;49;61;80.3;45;119;164;137;35;52;17;54;887.3;0;0;49
Wesley Matthews;SG;MIL;33;43;37;6;1038;311;106;262;40.5;65;179;36.3;34;45;75.6;10;94;104;61;30;29;6;62;602.3;0;0;290
Eric Gordon;SG;HOU;31;21;12;9;621;308;102;280;36.4;66;191;34.6;38;55;69.1;6;37;43;27;26;8;6;44;416.1;0;0;2
Jordan Poole;SG;GSW;20;40;8;32;860;304;95;341;27.9;50;185;27;64;79;81;5;72;77;78;40;25;8;61;572.4;0;0;-124
Landry Shamet;SG;LAC;22;30;20;10;846;299;99;234;42.3;68;175;38.9;33;35;94.3;4;63;67;52;26;12;6;91;485.4;0;0;64
Kevin Porter Jr.;SG;CLE;19;34;10;24;742;289;111;253;43.9;27;91;29.7;40;55;72.7;12;100;112;66;59;29;6;89;568.4;0;0;-204
Caris LeVert;SG;BKN;25;20;7;13;539;287;107;278;38.5;28;81;34.6;45;67;67.2;18;61;79;66;52;13;2;36;473.8;0;0;-74
Malik Beasley;SG;DEN;23;36;23;13;630;272;99;252;39.3;47;129;36.4;27;29;93.1;8;54;62;36;31;27;6;44;468.4;0;0;-10
Damyean Dotson;SG;NYK;25;40;12;28;690;264;100;238;42;45;134;33.6;19;29;65.5;7;68;75;47;19;19;4;32;474.5;0;0;-71
Kyle Korver;SG;MIL;38;40;34;6;670;260;84;196;42.9;67;156;42.9;25;29;86.2;10;69;79;50;32;18;9;48;478.8;0;0;148
DeAndre' Bembry;SG;ATL;25;43;10;33;915;249;104;228;45.6;15;65;23.1;26;48;54.2;34;118;152;81;60;55;19;84;714.9;2;0;-257
Avery Bradley;SG;LAL;29;32;23;9;735;237;103;232;44.4;22;82;26.8;9;12;75;14;55;69;34;34;28;2;74;426.8;0;0;65
Alex Caruso;SG;LAL;25;43;34;9;813;236;80;197;40.6;28;81;34.6;48;60;80;10;73;83;76;38;46;13;67;588.6;0;0;203
Marco Belinelli;SG;SAS;33;41;18;23;619;234;81;219;37;41;116;35.3;31;39;79.5;2;67;69;54;13;8;0;34;408.8;0;0;32
Grayson Allen;SG;MEM;24;30;14;16;498;221;79;176;44.9;33;91;36.3;30;35;85.7;5;61;66;43;23;6;1;36;362.7;0;0;-71
Dwayne Bacon;SG;CHA;24;35;8;27;637;220;84;234;35.9;19;65;29.2;33;51;64.7;13;74;87;49;32;22;2;50;437.9;0;0;-125
Lonnie Walker IV;SG;SAS;21;37;18;19;465;216;83;187;44.4;21;53;39.6;29;41;70.7;12;60;72;24;21;17;5;43;383.4;0;0;47
Nickeil Alexander-Walker;SG;NOP;21;37;14;23;487;211;77;222;34.7;40;116;34.5;17;28;60.7;7;70;77;72;35;10;7;43;427.4;0;0;-46
Pat Connaughton;SG;MIL;27;42;38;4;734;200;78;176;44.3;26;91;28.6;18;25;72;32;140;172;70;34;13;22;41;582.4;0;0;122
Gary Trent Jr.;SG;POR;21;34;14;20;538;192;69;169;40.8;43;108;39.8;11;12;91.7;12;36;48;28;10;17;7;37;353.6;0;0;-26
Matisse Thybulle;SG;PHI;22;39;27;12;783;192;65;169;38.5;40;107;37.4;22;33;66.7;21;41;62;49;39;62;34;85;588.9;0;0;29
Hamidou Diallo;SG;OKC;21;27;15;12;538;191;80;177;45.2;5;26;19.2;26;39;66.7;23;73;96;18;28;25;6;60;398.2;2;0;10
Terrance Ferguson;SG;OKC;21;36;20;16;935;182;66;166;39.8;41;128;32;9;11;81.8;20;40;60;34;26;21;12;116;378;0;0;-50
Treveon Graham;SG;ATL;26;37;14;23;692;177;64;182;35.2;21;88;23.9;28;39;71.8;31;72;103;30;20;17;2;69;382.6;0;0;-123
Sterling Brown;SG;MIL;24;32;27;5;477;163;57;150;38;26;77;33.8;23;30;76.7;21;102;123;32;29;19;4;35;398.6;1;0;109
Allen Crabbe;SG;MIN;27;32;4;28;585;159;58;161;36;33;106;31.1;10;14;71.4;10;61;71;31;15;15;4;43;332.7;0;0;-190
Troy Daniels;SG;LAL;28;34;26;8;406;156;56;138;40.6;36;96;37.5;8;11;72.7;8;30;38;13;7;8;3;24;247.1;0;0;0
Denzel Valentine;SG;CHI;26;26;9;17;295;143;54;131;41.2;30;80;37.5;5;5;100;3;42;45;26;15;16;5;29;284;0;0;-25
Dzanan Musa;SG;BKN;20;32;14;18;391;137;45;134;33.6;14;64;21.9;33;44;75;18;48;66;31;28;12;1;24;273.7;0;0;-48
Reggie Bullock;SG;NYK;28;13;4;9;328;131;52;123;42.3;22;64;34.4;5;6;83.3;7;21;28;16;6;18;0;29;236.6;0;0;-40
Marko Guduric;SG;MEM;24;30;12;18;403;129;47;129;36.4;18;65;27.7;17;19;89.5;12;44;56;38;31;9;7;27;270.2;0;0;-68
Javonte Green;SG;BOS;26;37;25;12;338;124;48;91;52.7;6;21;28.6;22;34;64.7;16;46;62;18;12;18;5;31;282.4;0;0;9
Rodney McGruder;SG;LAC;28;35;24;11;598;123;47;125;37.6;18;68;26.5;11;22;50;22;79;101;23;15;18;8;58;341.7;0;0;50
Allonzo Trier;SG;NYK;24;20;2;18;246;120;37;85;43.5;15;46;32.6;31;39;79.5;4;22;26;24;20;2;4;24;185.2;0;0;-78
Jerome Robinson;SG;LAC;22;39;27;12;462;119;45;134;33.6;19;66;28.8;10;17;58.8;5;55;60;44;25;12;8;52;292;0;0;48
Theo Pinson;SG;BKN;24;27;11;16;332;118;44;148;29.7;15;76;19.7;15;16;93.8;9;37;46;47;32;15;2;31;262.7;0;0;-33
Timothe Luwawu-Cabarrot;SG;BKN;24;22;5;17;348;109;37;87;42.5;18;46;39.1;17;23;73.9;9;39;48;13;19;10;1;39;200.1;0;0;-101
David Nwaba;SG;BKN;27;20;8;12;268;104;37;71;52.1;12;28;42.9;18;27;66.7;8;37;45;8;8;11;12;32;231;0;0;35
Jacob Evans;SG;GSW;22;22;5;17;330;97;34;109;31.2;10;29;34.5;19;23;82.6;7;26;33;22;25;7;8;32;189.6;0;0;-82
Garrison Mathews;SG;WAS;23;15;6;9;196;93;23;50;46;18;42;42.9;29;32;90.6;6;17;23;10;7;3;1;26;140.6;0;0;47
Wayne Ellington;SG;NYK;32;23;3;20;330;93;32;99;32.3;25;81;30.9;4;6;66.7;2;36;38;23;14;8;2;22;189.1;0;0;-26
Matt Thomas;SG;TOR;25;18;13;5;191;82;28;60;46.7;21;45;46.7;5;7;71.4;3;20;23;8;7;4;0;15;126.6;0;0;7
Deonte Burton;SG;OKC;25;28;17;11;230;70;29;81;35.8;6;36;16.7;6;12;50;5;34;39;9;9;4;8;26;157.3;0;0;-24
Justin James;SG;SAC;23;26;9;17;206;68;28;70;40;8;24;33.3;4;13;30.8;4;24;28;14;8;6;9;15;159.6;0;0;-21
CJ Miles;SG;WAS;32;10;4;6;161;64;19;59;32.2;11;35;31.4;15;20;75;4;8;12;12;4;10;4;14;134.4;0;0;-8
Shake Milton;SG;PHI;23;14;10;4;149;63;22;57;38.6;9;31;29;10;15;66.7;4;24;28;14;15;2;1;21;111.6;0;0;11
Iman Shumpert;SG;BKN;29;13;9;4;241;54;21;64;32.8;8;33;24.2;4;7;57.1;9;25;34;12;10;12;2;21;144.8;0;0;-52
Terance Mann;SG;LAC;23;29;20;9;240;53;21;48;43.8;2;10;20;9;12;75;4;24;28;32;14;6;5;31;153.6;0;0;3
Kadeem Allen;SG;NYK;27;9;2;7;96;44;17;42;40.5;5;16;31.3;5;8;62.5;2;6;8;19;8;4;2;7;92.1;0;0;-31
Tyrone Wallace;SG;ATL;25;14;3;11;160;40;14;44;31.8;1;15;6.7;11;17;64.7;3;19;22;13;10;7;1;19;99.9;0;0;-32
Ryan Broekhoff;SG;DAL;29;10;7;3;77;37;11;25;44;10;20;50;5;6;83.3;1;13;14;4;2;2;1;7;66.8;0;0;5
Courtney Lee;SG;DAL;34;10;8;2;80;33;13;23;56.5;7;12;58.3;0;0;0;0;5;5;3;2;0;2;6;47.5;0;0;7
Jaylen Nowell;SG;MIN;20;7;1;6;81;31;11;31;35.5;2;17;11.8;7;8;87.5;2;3;5;6;3;0;1;3;46;0;0;-6
Romeo Langford;SG;BOS;20;12;10;2;110;29;10;22;45.5;2;9;22.2;7;8;87.5;5;6;11;2;2;3;2;7;58.2;0;0;52
Malcolm Miller;SG;TOR;26;21;18;3;115;20;7;20;35;5;15;33.3;1;6;16.7;1;13;14;8;3;4;2;11;63.8;0;0;44
Melvin Frazier Jr.;SG;ORL;23;12;4;8;45;18;6;17;35.3;4;7;57.1;2;4;50;1;3;4;1;2;4;2;8;40.3;0;0;2
Charles Brown Jr.;SG;ATL;22;7;1;6;33;16;4;12;33.3;3;6;50;5;5;100;2;2;4;2;1;0;2;2;28.8;0;0;23
Naz Mitrou-Long;SG;IND;26;3;2;1;43;14;6;16;37.5;2;11;18.2;0;0;0;0;6;6;7;2;1;1;1;35.7;0;0;18
Yuta Watanabe;SG;MEM;25;4;1;3;18;7;3;6;50;1;2;50;0;0;0;1;4;5;0;1;0;1;1;15;0;0;13
Devon Hall;SG;OKC;24;5;3;2;20;5;1;5;20;0;2;0;3;4;75;0;1;1;3;1;0;0;1;9.7;0;0;20
Max Strus;SG;CHI;23;2;0;2;6;5;2;3;66.7;0;1;0;1;1;100;1;0;1;0;0;0;0;1;6.2;0;0;15
Michael Frazier;SG;HOU;25;4;2;2;20;5;2;6;33.3;1;5;20;0;0;0;1;2;3;1;0;1;0;4;13.1;0;0;-12
Antonius Cleveland;SG;DAL;25;3;2;1;14;4;2;3;66.7;0;1;0;0;0;0;0;3;3;0;1;0;0;0;6.6;0;0;-1
Daryl Macon;SG;MIA;24;4;4;0;14;3;1;3;33.3;1;2;50;0;0;0;0;0;0;1;2;0;0;1;2.5;0;0;0
Brian Bowen II;SG;IND;21;3;2;1;10;2;1;4;25;0;1;0;0;0;0;0;1;1;0;0;0;1;0;6.2;0;0;3
DaQuan Jeffries;SG;SAC;22;3;0;3;12;2;1;3;33.3;0;1;0;0;0;0;1;0;1;1;0;0;0;3;4.7;0;0;4
Kyle Guy;SG;SAC;22;2;1;1;4;2;1;2;50;0;1;0;0;0;0;0;0;0;0;0;0;0;0;2;0;0;-3
Khyri Thomas;SG;DET;23;2;1;1;6;1;0;0;0;0;0;0;1;2;50;0;0;0;0;0;0;0;0;1;0;0;-4
John Konchar;SG;MEM;23;2;1;1;8;0;0;0;0;0;0;0;0;0;0;0;1;1;0;0;0;0;0;1.2;0;0;-7
Miye Oni;SG;UTA;22;3;2;1;8;0;0;0;0;0;0;0;0;0;0;0;1;1;0;1;0;0;0;0.2;0;0;-12
Paul Watson;SG;TOR;25;2;0;2;17;0;0;7;0;0;3;0;0;0;0;0;2;2;3;0;1;0;1;9.9;0;0;10
Talen Horton-Tucker;SG;LAL;19;2;1;1;5;0;0;1;0;0;1;0;0;0;0;0;0;0;2;0;1;0;0;6;0;0;-7
Zach Norvell Jr.;SG;LAL;22;2;2;0;5;0;0;1;0;0;0;0;0;0;0;0;1;1;0;0;0;0;0;1.2;0;0;-4
Zion Williamson;PF;NOP;19;3;1;2;67;58;24;36;66.7;4;6;66.7;6;16;37.5;10;14;24;5;10;2;1;6;93.3;1;0;21
Dion Waiters;SG;MIA;28;1;0;1;18;14;5;12;41.7;4;9;44.4;0;1;0;0;4;4;1;2;0;2;3;24.3;0;0;8
Vic Law;F;ORL;24;1;0;1;1;0;0;0;0;0;0;0;0;0;0;0;0;0;0;0;0;0;0;0;0;0;1
Zhaire Smith;SG;PHI;20;1;1;0;3;0;0;0;0;0;0;0;0;0;0;0;0;0;1;0;0;0;0;1.5;0;0;3
